{"cameraMode":{"drawMode":0,"name":"Shaded","section":"Shading Mode"},"sceneLighting":true,"audioPlay":false,"sceneViewState":{"m_AlwaysRefresh":false,"showFog":true,"showSkybox":true,"showFlares":true,"showImageEffects":true,"showParticleSystems":true,"showVisualEffectGraphs":true,"m_FxEnabled":true},"in2DMode":false,"pivot":{"x":-0.26407575607299807,"y":1.7452740669250489,"z":5.545779228210449},"rotation":{"x":-0.28430137038230898,"y":-0.21145948767662049,"z":0.06444195657968521,"w":-0.9328982830047607},"size":11.008570671081543,"orthographic":false}